<?xml version="1.0" encoding="UTF-8"?>
<beans xmlns="http://www.springframework.org/schema/beans"
	xmlns:tx="http://www.springframework.org/schema/tx" xmlns:xsi="http://www.w3.org/2001/XMLSchema-instance"
	xmlns:context="http://www.springframework.org/schema/context"
	xsi:schemaLocation="http://www.springframework.org/schema/beans
http://www.springframework.org/schema/beans/spring-beans-4.2.xsd
http://www.springframework.org/schema/context
http://www.springframework.org/schema/context/spring-context-4.2.xsd
http://www.springframework.org/schema/tx http://www.springframework.org/schema/tx/spring-tx-4.2.xsd">
	<context:component-scan base-package="modeloDAO, modeloDAOJPA, rest, tokenJWT"></context:component-scan>

	<!--propiedades de la Base de Datos -->

	<!-- DataSource -->
	<bean id="dataSource" class="com.mchange.v2.c3p0.ComboPooledDataSource"
		destroy-method="close">
		<property name="driverClass" value="com.mysql.jdbc.Driver" />
		<!-- <property name="driverClass" value="com.mysql.jdbc.Driver"/> sin usan 
			.properties -->
		<property name="jdbcUrl" value="jdbc:mysql://localhost:3306/guarani" />
		<property name="user" value="root" />
		<property name="password" value="" />
		<property name="acquireIncrement" value="2" />
		<property name="minPoolSize" value="20" />
		<property name="maxPoolSize" value="50" />
		<property name="maxIdleTime" value="600" />
	</bean>


	<bean id="emf"
		class="org.springframework.orm.jpa.LocalContainerEntityManagerFactoryBean">
		<!-- Estos tag hace que /META-INF/persistence.xml ya no sea necesario -->
		<property name="dataSource" ref="dataSource" />
		<property name="packagesToScan" value="modelo" />
		<!-- Seteo la implementación del EntityManager (JPA) de Hibernate -->
		<property name="jpaVendorAdapter">
			<bean class="org.springframework.orm.jpa.vendor.HibernateJpaVendorAdapter" />
		</property>
		<property name="jpaProperties">
			<props>
				<prop key="hibernate.dialect">org.hibernate.dialect.MySQL5Dialect</prop>
				<prop key="hibernate.hbm2ddl.auto">update</prop>
				<prop key="hibernate.format_sql">true</prop>
				<prop key="hibernate.show_sql">true</prop>
			</props>
		</property>
	</bean>

	<bean id="transactionManager" class="org.springframework.orm.jpa.JpaTransactionManager ">
		<property name="entityManagerFactory" ref="emf" />
	</bean>
	<tx:annotation-driven transaction-manager="transactionManager" />

</beans>